AICTE-Recognized BE/B.Tech Branches ,Project Ideas,Internship Preparation Guidance
,,
Aerospace Engineering,Drone design; Flight simulation model; Aerodynamic analysis; UAV prototype,Learn aerodynamics basics; Use simulation tools; Build drone projects; Apply to aerospace firms
Aeronautical Engineering,Drone design; Flight simulation model; Aerodynamic analysis; UAV prototype,Learn aerodynamics basics; Use simulation tools; Build drone projects; Apply to aerospace firms
Agricultural Engineering,Core domain mini project; Simulation project; Industry problem solution; Research-based project,Strengthen core concepts; Build relevant projects; Create resume and GitHub; Apply to domain companies
Artificial Intelligence,Build ML prediction system; Chatbot using NLP; Computer vision app; Recommendation system,"Learn Python, ML, and data analysis; Build GitHub portfolio; Practice Kaggle; Apply to AI startups"
Artificial Intelligence and Data Science,Build ML prediction system; Chatbot using NLP; Computer vision app; Recommendation system,"Learn Python, ML, and data analysis; Build GitHub portfolio; Practice Kaggle; Apply to AI startups"
Artificial Intelligence and Machine Learning,Build ML prediction system; Chatbot using NLP; Computer vision app; Recommendation system,"Learn Python, ML, and data analysis; Build GitHub portfolio; Practice Kaggle; Apply to AI startups"
Automobile Engineering,CAD design project; Robotics prototype; Thermal analysis; Manufacturing optimization,Learn CAD tools (SolidWorks); Understand manufacturing; Do hands-on projects; Apply to core companies
Automation and Robotics,Autonomous robot; Line follower robot; Industrial automation model; PLC project,Learn robotics and PLC; Practice automation tools; Build robot projects; Apply to automation companies
Automation Engineering,Autonomous robot; Line follower robot; Industrial automation model; PLC project,Learn robotics and PLC; Practice automation tools; Build robot projects; Apply to automation companies
Aviation Engineering,Drone design; Flight simulation model; Aerodynamic analysis; UAV prototype,Learn aerodynamics basics; Use simulation tools; Build drone projects; Apply to aerospace firms
,Medical monitoring system; Bio-signal processing project; Healthcare AI app,Learn biomedical tools; Work on healthcare projects; Build portfolio; Apply to healthcare companies
Biomedical Engineering,Medical monitoring system; Bio-signal processing project; Healthcare AI app,Learn biomedical tools; Work on healthcare projects; Build portfolio; Apply to healthcare companies
Biotechnology Engineering,Core domain mini project; Simulation project; Industry problem solution; Research-based project,Strengthen core concepts; Build relevant projects; Create resume and GitHub; Apply to domain companies
Biosciences & Bioengineering,Core domain mini project; Simulation project; Industry problem solution; Research-based project,Strengthen core concepts; Build relevant projects; Create resume and GitHub; Apply to domain companies
,Core domain mini project; Simulation project; Industry problem solution; Research-based project,Strengthen core concepts; Build relevant projects; Create resume and GitHub; Apply to domain companies
Ceramic Engineering,Structural design using STAAD; Smart city model; Sustainable building design; Survey project,Learn AutoCAD and STAAD; Visit sites; Build design portfolio; Apply to construction firms
Chemical Engineering,Full-stack web app; Mobile app; Cloud deployment project; System design project,Learn DSA and coding; Build projects; Practice LeetCode; Apply to software companies
Civil Engineering,Full-stack web app; Mobile app; Cloud deployment project; System design project,Learn DSA and coding; Build projects; Practice LeetCode; Apply to software companies
Computer Engineering,Full-stack web app; Mobile app; Cloud deployment project; System design project,Learn DSA and coding; Build projects; Practice LeetCode; Apply to software companies
Computer Science and Business Systems,Full-stack web app; Mobile app; Cloud deployment project; System design project,Learn DSA and coding; Build projects; Practice LeetCode; Apply to software companies
Computer Science and Design,Build ML prediction system; Chatbot using NLP; Computer vision app; Recommendation system,"Learn Python, ML, and data analysis; Build GitHub portfolio; Practice Kaggle; Apply to AI startups"
Computer Science and Engineering,Build ML prediction system; Chatbot using NLP; Computer vision app; Recommendation system,"Learn Python, ML, and data analysis; Build GitHub portfolio; Practice Kaggle; Apply to AI startups"
Computer Science and Engineering (Artificial Intelligence),Build ML prediction system; Chatbot using NLP; Computer vision app; Recommendation system,"Learn Python, ML, and data analysis; Build GitHub portfolio; Practice Kaggle; Apply to AI startups"
Computer Science and Engineering (Artificial Intelligence and Machine Learning),Full-stack web app; Mobile app; Cloud deployment project; System design project,Learn DSA and coding; Build projects; Practice LeetCode; Apply to software companies
Computer Science and Engineering (Data Science),Full-stack web app; Mobile app; Cloud deployment project; System design project,Learn DSA and coding; Build projects; Practice LeetCode; Apply to software companies
Computer Science and Engineering (Cyber Security),Full-stack web app; Mobile app; Cloud deployment project; System design project,Learn DSA and coding; Build projects; Practice LeetCode; Apply to software companies
Computer Science and Engineering (Internet of Things),Structural design using STAAD; Smart city model; Sustainable building design; Survey project,Learn AutoCAD and STAAD; Visit sites; Build design portfolio; Apply to construction firms
Computer Science and Engineering (IoT and Cyber Security including Blockchain),Build ML prediction system; Chatbot using NLP; Computer vision app; Recommendation system,"Learn Python, ML, and data analysis; Build GitHub portfolio; Practice Kaggle; Apply to AI startups"
Construction Engineering,Full-stack web app; Mobile app; Cloud deployment project; System design project,Learn DSA and coding; Build projects; Practice LeetCode; Apply to software companies
,IoT smart device; Embedded system using Arduino/Raspberry Pi; PCB design; Home automation,Learn embedded systems; Practice circuit design; Work on Arduino projects; Apply to electronics firms
Data Science,IoT smart device; Embedded system using Arduino/Raspberry Pi; PCB design; Home automation,Learn embedded systems; Practice circuit design; Work on Arduino projects; Apply to electronics firms
,IoT smart device; Embedded system using Arduino/Raspberry Pi; PCB design; Home automation,Learn embedded systems; Practice circuit design; Work on Arduino projects; Apply to electronics firms
Electrical and Computer Engineering,Full-stack web app; Mobile app; Cloud deployment project; System design project,Learn DSA and coding; Build projects; Practice LeetCode; Apply to software companies
Electrical and Electronics Engineering,IoT smart device; Embedded system using Arduino/Raspberry Pi; PCB design; Home automation,Learn embedded systems; Practice circuit design; Work on Arduino projects; Apply to electronics firms
Electrical Engineering,IoT smart device; Embedded system using Arduino/Raspberry Pi; PCB design; Home automation,Learn embedded systems; Practice circuit design; Work on Arduino projects; Apply to electronics firms
Electronics and Communication Engineering,IoT smart device; Embedded system using Arduino/Raspberry Pi; PCB design; Home automation,Learn embedded systems; Practice circuit design; Work on Arduino projects; Apply to electronics firms
Electronics and Computer Engineering,Core domain mini project; Simulation project; Industry problem solution; Research-based project,Strengthen core concepts; Build relevant projects; Create resume and GitHub; Apply to domain companies
Electronics and Instrumentation Engineering,Core domain mini project; Simulation project; Industry problem solution; Research-based project,Strengthen core concepts; Build relevant projects; Create resume and GitHub; Apply to domain companies
Electronics and Telecommunication Engineering,Core domain mini project; Simulation project; Industry problem solution; Research-based project,Strengthen core concepts; Build relevant projects; Create resume and GitHub; Apply to domain companies
Electronics Engineering,Core domain mini project; Simulation project; Industry problem solution; Research-based project,Strengthen core concepts; Build relevant projects; Create resume and GitHub; Apply to domain companies
Embedded Systems,Core domain mini project; Simulation project; Industry problem solution; Research-based project,Strengthen core concepts; Build relevant projects; Create resume and GitHub; Apply to domain companies
Energy Engineering,Core domain mini project; Simulation project; Industry problem solution; Research-based project,Strengthen core concepts; Build relevant projects; Create resume and GitHub; Apply to domain companies
Engineering Physics,Core domain mini project; Simulation project; Industry problem solution; Research-based project,Strengthen core concepts; Build relevant projects; Create resume and GitHub; Apply to domain companies
Environmental Engineering,Core domain mini project; Simulation project; Industry problem solution; Research-based project,Strengthen core concepts; Build relevant projects; Create resume and GitHub; Apply to domain companies
,Core domain mini project; Simulation project; Industry problem solution; Research-based project,Strengthen core concepts; Build relevant projects; Create resume and GitHub; Apply to domain companies
Fire and Safety Engineering,CAD design project; Robotics prototype; Thermal analysis; Manufacturing optimization,Learn CAD tools (SolidWorks); Understand manufacturing; Do hands-on projects; Apply to core companies
Food Engineering,Full-stack web app; Mobile app; Cloud deployment project; System design project,Learn DSA and coding; Build projects; Practice LeetCode; Apply to software companies
Food Technology,Core domain mini project; Simulation project; Industry problem solution; Research-based project,Strengthen core concepts; Build relevant projects; Create resume and GitHub; Apply to domain companies
,Core domain mini project; Simulation project; Industry problem solution; Research-based project,Strengthen core concepts; Build relevant projects; Create resume and GitHub; Apply to domain companies
Geological Technology,Core domain mini project; Simulation project; Industry problem solution; Research-based project,Strengthen core concepts; Build relevant projects; Create resume and GitHub; Apply to domain companies
,Core domain mini project; Simulation project; Industry problem solution; Research-based project,Strengthen core concepts; Build relevant projects; Create resume and GitHub; Apply to domain companies
Industrial Engineering,CAD design project; Robotics prototype; Thermal analysis; Manufacturing optimization,Learn CAD tools (SolidWorks); Understand manufacturing; Do hands-on projects; Apply to core companies
Industrial and Production Engineering,CAD design project; Robotics prototype; Thermal analysis; Manufacturing optimization,Learn CAD tools (SolidWorks); Understand manufacturing; Do hands-on projects; Apply to core companies
Information Technology,Core domain mini project; Simulation project; Industry problem solution; Research-based project,Strengthen core concepts; Build relevant projects; Create resume and GitHub; Apply to domain companies
Instrumentation and Control Engineering,IoT smart device; Embedded system using Arduino/Raspberry Pi; PCB design; Home automation,Learn embedded systems; Practice circuit design; Work on Arduino projects; Apply to electronics firms
,Core domain mini project; Simulation project; Industry problem solution; Research-based project,Strengthen core concepts; Build relevant projects; Create resume and GitHub; Apply to domain companies
Marine Engineering,Core domain mini project; Simulation project; Industry problem solution; Research-based project,Strengthen core concepts; Build relevant projects; Create resume and GitHub; Apply to domain companies
Mathematics & Computing,Core domain mini project; Simulation project; Industry problem solution; Research-based project,Strengthen core concepts; Build relevant projects; Create resume and GitHub; Apply to domain companies
Material Science and Engineering,Core domain mini project; Simulation project; Industry problem solution; Research-based project,Strengthen core concepts; Build relevant projects; Create resume and GitHub; Apply to domain companies
Mechanical Engineering,Core domain mini project; Simulation project; Industry problem solution; Research-based project,Strengthen core concepts; Build relevant projects; Create resume and GitHub; Apply to domain companies
Mechanical and Automation Engineering,Core domain mini project; Simulation project; Industry problem solution; Research-based project,Strengthen core concepts; Build relevant projects; Create resume and GitHub; Apply to domain companies
Mechatronics Engineering,Core domain mini project; Simulation project; Industry problem solution; Research-based project,Strengthen core concepts; Build relevant projects; Create resume and GitHub; Apply to domain companies
Medical Electronics,Core domain mini project; Simulation project; Industry problem solution; Research-based project,Strengthen core concepts; Build relevant projects; Create resume and GitHub; Apply to domain companies
Metallurgical Engineering,Core domain mini project; Simulation project; Industry problem solution; Research-based project,Strengthen core concepts; Build relevant projects; Create resume and GitHub; Apply to domain companies
Mining Engineering,Core domain mini project; Simulation project; Industry problem solution; Research-based project,Strengthen core concepts; Build relevant projects; Create resume and GitHub; Apply to domain companies
,CAD design project; Robotics prototype; Thermal analysis; Manufacturing optimization,Learn CAD tools (SolidWorks); Understand manufacturing; Do hands-on projects; Apply to core companies
Naval Architecture and Ocean Engineering,Autonomous robot; Line follower robot; Industrial automation model; PLC project,Learn robotics and PLC; Practice automation tools; Build robot projects; Apply to automation companies
,Core domain mini project; Simulation project; Industry problem solution; Research-based project,Strengthen core concepts; Build relevant projects; Create resume and GitHub; Apply to domain companies
Ocean Engineering,Core domain mini project; Simulation project; Industry problem solution; Research-based project,Strengthen core concepts; Build relevant projects; Create resume and GitHub; Apply to domain companies
,Core domain mini project; Simulation project; Industry problem solution; Research-based project,Strengthen core concepts; Build relevant projects; Create resume and GitHub; Apply to domain companies
Petrochemical Engineering,Refinery process simulation; Crude oil distillation model; Heat exchanger design; Petrochemical plant optimization study,Learn process simulation tools (Aspen HYSYS); Understand refining & cracking processes; Visit refineries; Apply to oil & gas companies
Petroleum Engineering,Reservoir simulation project; Drilling optimization model; Enhanced oil recovery study; Well logging data analysis,Learn reservoir engineering basics; Study drilling technology; Practice MATLAB/Python for data analysis; Apply to upstream oil companies
Pharmaceutical Engineering,Drug formulation study; Tablet coating optimization; GMP compliance project; Pharma supply chain optimization,Learn GMP & FDA standards; Understand drug manufacturing process; Do internships in pharma plants; Apply to pharma companies
Plastic Engineering,Injection molding optimization; Plastic recycling project; Biodegradable plastic research; Mold design using CAD,Learn polymer processing techniques; Practice CAD tools; Visit manufacturing plants; Apply to plastic manufacturing firms
Polymer Engineering,Polymer blend analysis; Composite material design; Biopolymer development; Thermal analysis of polymers,Learn polymer chemistry basics; Work on material testing labs; Build research portfolio; Apply to polymer industries
Power Engineering,Load flow analysis; Power plant design model; Smart grid simulation; Renewable energy integration project,Learn power systems software (ETAP); Study generation & transmission; Do internships in power plants; Apply to energy companies
Production Engineering,Lean manufacturing case study; Production line balancing; CNC programming project; Quality control analysis,Learn Six Sigma & Lean tools; Practice CAD/CAM; Visit factories; Apply to manufacturing companies
,,
Robotics and Automation,Autonomous mobile robot; PLC-based automation system; Robotic arm prototype; Industrial automation simulation,Learn PLC & SCADA; Practice ROS & embedded systems; Build robotics portfolio; Apply to automation companies
,,
Safety Engineering,Industrial safety audit project; Risk assessment study; Fire safety system design; Hazard analysis report,Learn OSHA standards; Study risk management tools; Get safety certifications; Apply to safety consulting firms
,,
Textile Engineering,Smart fabric development; Textile dye optimization; Quality testing project; Sustainable textile production model,Learn textile manufacturing processes; Visit mills; Understand quality testing; Apply to textile industries
,,
VLSI Design and Technology,ASIC design project; Verilog-based processor design; FPGA implementation; CMOS layout design,Learn Verilog/VHDL; Practice Cadence/ModelSim; Study CMOS fabrication; Apply to semiconductor companies
